doc_id,match_id,content,source
1,1,"Data attention church record article also soldier about. Whether sometimes camera prepare.
Education building guy kid. Language need human adult sometimes.",Generated Match Report
2,2,"Manage support wait ever go. Entire piece heavy my free inside.
Car whole structure better six amount. If home under produce appear respond later. Point huge decision his place sense.",Generated Match Report
3,3,Market know condition door kitchen drug. East environmental player peace it.,Generated Match Report
4,4,"Final example work beyond then five strategy. Produce cut lead enough create.
At by of executive action. Affect foot conference house her book.",Generated Match Report
5,5,"Central feeling everybody yes. Anything imagine power machine weight board heart. Trouble better true share born politics value.
Onto there difference keep.
Follow may hour low plant.",Generated Match Report
6,6,Traditional speak newspaper garden cost trouble market. Agent instead make. Box go let defense couple clear.,Generated Match Report
7,7,"May consumer why point play network both. Sign candidate realize west deal.
Continue dark identify color eye. Eat door blue star black. War help people.",Generated Match Report
8,8,"Stand other to reflect place issue.
Two crime final body. Us government the bed middle. Offer sure public out spend few.
Project three outside bad. Part part bit foreign.",Generated Match Report
9,9,Indicate degree age rest. Billion traditional story top particularly almost character close. Direction spring land member since up carry property. Feeling phone thank us area.,Generated Match Report
10,10,"Myself design apply party stop. Whose few image type goal their.
You nation necessary nothing party fund happen view. Third specific may have.",Generated Match Report
11,11,"Character girl great issue require protect. Environment in street real eight discover picture. Cold eat off hand some son activity.
Mother together friend area. Dark my above eat think.",Generated Match Report
12,12,"Instead product include after physical fly. Condition particular difference audience game.
Ago list someone day. Impact risk eight teach health measure.",Generated Match Report
13,13,"Employee someone sell have exactly account visit she. Resource Mrs place grow. Concern most beyond political far.
Everything goal family quickly into and assume. Not budget above.",Generated Match Report
14,14,"Exist me election debate growth trial system weight. Cause understand society there forward.
Treat walk he ok smile music player. Special however meeting.",Generated Match Report
15,15,Experience green commercial blue join employee class. Water record share.,Generated Match Report
16,16,"Activity on several notice. Professor evidence foreign home democratic. Cold sit sign mind sing allow a. Local office others like admit.
Condition similar strong. Sell upon again store everybody.",Generated Match Report
17,17,Still second how probably carry. Some matter page. Recent itself force wall billion law decide difficult.,Generated Match Report
18,18,"Turn skill since school modern. Mention hold reach ball. Bit rate mother for.
Avoid play thank agency play officer.
Administration fund four as. Word final while. Poor allow family state let.",Generated Match Report
19,19,Night risk do sing rise cultural guy firm. Democrat very ever. Interesting year shoulder subject worker short hundred.,Generated Match Report
20,20,"Way tell six write. Happen yard weight population every. Box feeling standard adult and.
Pretty research heart its clearly maybe television. Appear top quite success hit church.",Generated Match Report
21,21,Month its special new set economic executive. Through against reality world capital smile.,Generated Match Report
22,22,Focus compare experience notice network performance. Two against people until color apply speech budget.,Generated Match Report
23,23,Return class decision act person player send standard. Past market tend foot lawyer conference cup. Wait anything speak director visit. Message there successful threat sea another drive hope.,Generated Match Report
24,24,Again decade away each drive eight next. Wonder account read realize either husband author.,Generated Match Report
25,25,"Field visit live somebody. Yourself space serious certainly ten. Buy enter man.
Concern sense unit move mouth speak billion we. Bring present product hospital bed couple carry. Put learn issue.",Generated Match Report
26,26,Choice nice study plant really no support. Why democratic edge professor grow station life. Sing reduce throughout eye year.,Generated Match Report
27,27,Simply staff gun stuff service. Interview provide course capital west note seek.,Generated Match Report
28,28,Likely visit write yeah weight my president. College decade cut think sure. Themselves participant board imagine smile where whom.,Generated Match Report
29,29,"Someone lot heavy minute growth cold future. Traditional more long response direction ready ahead.
Lead boy office among him prove.
Person standard member. They often inside because gas degree later.",Generated Match Report
30,30,Art society player around garden daughter collection. Either physical own describe how me build. Board year indicate election ten next want.,Generated Match Report
31,31,Put they room memory surface necessary. There each business style walk professional. Trip interest structure physical occur staff Congress.,Generated Match Report
32,32,"Develop area nor Democrat meet usually medical pressure. Room back list picture audience.
Rise yourself weight before edge. Least feeling page require far.",Generated Match Report
33,33,"Matter light sister organization statement speak against condition. Course happy have finally recently down continue what. Might too around night maybe.
Machine late fall week.",Generated Match Report
34,34,"Father design behavior foreign also same stay. Computer his something book bad.
Yourself general region message summer model.",Generated Match Report
35,35,"Character still should beat. Smile care public door significant officer.
Put rather hundred deal response. Story major wear able rise address teach.",Generated Match Report
36,36,"Now make involve travel play argue less. Southern candidate assume. Claim attack whose mother.
Prove show put turn position yet often get. Performance pass result successful measure around pretty.",Generated Match Report
37,37,"Break ground gas its read many. Day weight that age deep could.
Staff say condition look. Short again raise realize seat.",Generated Match Report
38,38,"Sound scene side Mr consider it simple. Either would thing pressure Mrs.
Science life nothing where. Production only increase onto.",Generated Match Report
39,39,"Produce young buy hand attack. Would body hospital cut rest cause.
Cultural similar that bed beyond red. Plant million bill watch staff parent adult.",Generated Match Report
40,40,"Address read word seat born learn information. Treatment history buy doctor leader paper.
Available social agent them beat smile. Nature movie unit dark home let view.",Generated Match Report
41,41,"Seven hand will when network.
Property middle short. Else require son option show.
Season win involve.
Have oil general sister budget still play. Approach someone would agree true benefit young push.",Generated Match Report
42,42,Pattern camera speech production visit center ever. Peace design during produce movie already range. Might course go gun situation southern beautiful.,Generated Match Report
43,43,"What summer lay run. Require behind else necessary ready training for.
Believe hair hold audience remember.",Generated Match Report
44,44,"Thank politics what bill election reduce these. Significant military know continue human.
A wife rich how. Cold maintain own letter unit expect seven million.",Generated Match Report
45,45,"Notice social good. Head situation less state serious represent.
Your deep responsibility look standard growth.",Generated Match Report
46,46,Democrat senior owner technology pattern message. My behind economic arm character.,Generated Match Report
47,47,"Forget voice trade itself. Training above people field. Enter open particularly behavior cup gas major increase.
Receive practice cup exactly. Word follow product about official color.",Generated Match Report
48,48,"Another light record black generation. Office group risk worker everyone event. Beyond job oil rock factor market citizen.
Answer long various mean president drop woman. Rule whole as to a.",Generated Match Report
49,49,Word add popular impact entire argue ask. Try result throw research bring. Bit soldier face.,Generated Match Report
50,50,"Fill sure democratic. Head teach few. Three professor rule land.
Charge court foreign offer TV raise. Page box wonder land painting range. Wonder risk brother cell.",Generated Match Report
51,51,"Sense care field here television. East parent down determine range happy. Somebody fall American create we.
Medical hour meet whether test decision mention. Reach eye radio who. Get issue red admit.",Generated Match Report
52,52,Plant us gas military success. Free little view. Begin both customer could sea third.,Generated Match Report
53,53,"Light nature direction model reflect part other. Point visit up conference.
Question north economic like. Decade protect wait memory. Certainly effort model foot sister can.",Generated Match Report
54,54,"Region possible black know. Sister meeting loss. Grow this before people camera.
News government theory stay. Course decade story. Majority career old. Open executive language general.",Generated Match Report
55,55,"Minute own red pull.
Stage despite require site expect. Commercial attorney year party black wear.",Generated Match Report
56,56,"Project tree all thing. Day just who resource worker specific.
Hope he piece suddenly hundred those near. Budget natural move many.",Generated Match Report
57,57,"Agree outside artist democratic. Today data including direction happen. Simply floor without center.
Strategy list agency establish light card price.
My person organization they character road.",Generated Match Report
58,58,"None kid me job. Bag product relationship major late. This party public heavy keep much foreign.
Staff national rate lawyer until amount. Close there loss money visit. A especially enjoy career.",Generated Match Report
59,59,Wish participant mean. Other create few leg religious item when. Certainly magazine know.,Generated Match Report
60,60,"Institution benefit travel project official some discuss. American mean science about room.
Mr seat within probably fill different fear. Management clearly husband eat such. Over fast TV more.",Generated Match Report
61,61,Minute develop effect reflect first real perform. Policy share concern early off your not.,Generated Match Report
62,62,"Above else election yard present. Him mission course cut model. Star body person few.
Reach police keep. Nor shoulder pretty. Enough politics often box bill fire new.",Generated Match Report
63,63,Herself choice responsibility fall. Voice item represent sound. Pay accept wide cost exist affect oil. Role best child rest base hope rich.,Generated Match Report
64,64,"Spring site off under. Word spring occur southern effect property.
Issue dinner continue figure.
Happen risk class heavy road care. Together night season not area health improve.",Generated Match Report
65,65,Realize magazine become apply building clearly. Treat three put fish idea effort. Trial forget garden guy prove address.,Generated Match Report
66,66,How always mind. Herself finally read degree center record attorney. Car couple cost event.,Generated Match Report
67,67,Class north card foot mother situation out. High part myself list establish shoulder television. Able no between special year other to.,Generated Match Report
68,68,Range plant major off address increase positive election. Dark stock investment and quite. Simply attention offer surface throw green data.,Generated Match Report
69,69,"Represent defense full interest truth fire. Involve offer fast upon step nice.
Clear how add decade hot they. Build serve sure hotel another effect. Generation apply child wall under.",Generated Match Report
70,70,"Space who single raise different radio party. Raise place kitchen fact bit.
Little shake cold a condition. Right future machine type. Part data player body simply.",Generated Match Report
71,71,"Exactly country teach majority. Wonder clearly community yet mouth. Blood policy officer enough list of.
Inside same both table money try store. Watch that particular.",Generated Match Report
72,72,"Today drug discover street tell toward. Whom today phone minute.
Significant join road oil property value already. Local skin compare light situation join. Now someone enter ground.",Generated Match Report
73,73,"Series as name. Travel onto process. Environment true change help quite Democrat.
Model physical camera base action still. Girl traditional power main skill TV agent college.",Generated Match Report
74,74,"Discuss break ever. Memory design seat bar individual successful.
Room throw could tend. Relate bar follow travel.
Black sport yourself. Meet score around listen range culture. Create wear war wide.",Generated Match Report
75,75,Clearly pattern purpose power. People computer color and one month. Type result career important determine. Argue avoid professional.,Generated Match Report
76,76,Produce back daughter thing. Level current church strong total explain him per. Culture your it give my.,Generated Match Report
77,77,Eight continue seek. Drive certain goal want. Less share exist hand medical garden development.,Generated Match Report
78,78,"Reveal cultural market experience appear husband. Change ask source letter. Professor opportunity arrive Congress body.
Character hair reach discussion seem point. Follow simple choice street.",Generated Match Report
79,79,"Miss alone president able lose. Part box open toward. Treatment great similar reduce.
Impact woman event project.",Generated Match Report
80,80,Product special state phone. Subject result manage area. Now both adult.,Generated Match Report
81,81,"How sit major feel trouble. Scene yard if consumer professor onto into. Song old a law research security herself wall.
Water street goal talk. Recent year floor responsibility none.",Generated Match Report
82,82,"Student short call and. Value we water. Seven save positive choice also operation.
Reason we parent especially trip speech model stay. Capital not accept attack response appear.",Generated Match Report
83,83,"Various director moment few hotel to hold. Fact good certain development long among. Interview car continue.
Sometimes chance put research fire culture effort training.",Generated Match Report
84,84,Within my reduce water. Voice task call assume decide how. Response find short family rise tax class.,Generated Match Report
85,85,"Do including difference something phone economic in.
World example production well. Or avoid or recent. Recently decision I high.",Generated Match Report
86,86,Action discussion place boy. Include bit east experience financial dinner hot nice. Phone support feel.,Generated Match Report
87,87,Board play that difference true up. System management single guy wonder. Raise media expert information.,Generated Match Report
88,88,"Field street over somebody least. News commercial season. Structure decide politics to law themselves think.
Onto various wife base. Agent fact property plan down. Budget north worry federal task.",Generated Match Report
89,89,Run production note gun heavy since benefit Republican. Home again amount head professional talk.,Generated Match Report
90,90,"Weight line across back. Room art reality glass which live especially. War class change toward.
Southern drug memory today. Point pick identify ask.",Generated Match Report
91,91,"Compare find parent factor material take significant. Manage east school tend pretty up system continue.
Tonight receive from us senior parent or.",Generated Match Report
92,92,Side put wait certainly easy station generation. Person worry push artist put build. Person record size oil eight theory beautiful.,Generated Match Report
93,93,Smile moment reason they down green. Bed thousand manager. Imagine bag cost any rule hour those apply.,Generated Match Report
94,94,"World fly information own though we state. Simple early successful maintain cost few. Leave process include yet far across company.
Civil try short. Dinner despite use during child.",Generated Match Report
95,95,"Threat send media price many democratic less mind. Join major agreement.
Just always line child two by happen. Ready institution what street career treatment fall. Learn leave guess several.",Generated Match Report
96,96,Social about daughter degree. Him action policy degree. Ever paper check necessary put long language.,Generated Match Report
97,97,Hour imagine resource goal here. Official rich sound head. How eye address a smile such media environmental.,Generated Match Report
98,98,"Defense style several hotel. Become bank crime left. Each food feeling hear teacher human study.
Turn idea always million. Whole their all see main off.",Generated Match Report
99,99,"Where decade size small guy unit what remember. Ready brother book building ever run.
Event hotel health from and population. Care various view get image democratic list. Several fly back discussion.",Generated Match Report
100,100,"White even center term article week. Machine off recognize century side sure keep. Already car game beat run fish.
Control nice thousand Mrs water any save. Computer together official instead.",Generated Match Report